{"beta": [5753721.412960403, 5447585.85143974, 4296371.664318009, 6548474.917435695, 1065447.3781080688, 484564.52398535376, 355081.30758915097], "known_locations": ["Bengaluru", "Delhi", "Hyderabad", "Mumbai"], "means": [925.8333333333334, 2.2916666666666665, 1.9375], "stds": [238.12490886554102, 0.8887803753208975, 0.6260408000548633], "alpha": 1.0}